<?xml version="1.0"?>
<block>
  <name>pcap_source_b</name>
  <key>op25_pcap_source_b</key>
  <category>op25</category>
  <import>import op25</import>
  <make>op25.pcap_source_b($*path, $delay)</make>
  <!-- Make one 'param' node for every Parameter you want settable from the GUI.
       Sub-nodes:
       * name
       * key (makes the value accessible as $keyname, e.g. in the make node)
       * type -->
  <param>
    <name>filename</name>
    <key>filename</key>
    <type>string</type>
  </param>
  <param>
    <name>delay</name>
    <key>delay</key>
    <type>float</type>
  </param>

  <!-- Make one 'source' node per output. Sub-nodes:
       * name (an identifier for the GUI)
       * type
       * vlen
       * optional (set to 1 for optional inputs) -->
  <source>
    <name>out</name>
    <type>byte</type>
  </source>
</block>
